{"fl_performance": [{"evaluation_result": 0.09637804329395294, "day": 0}, {"evaluation_result": 0.06820157915353775, "day": 1}, {"evaluation_result": 0.05705580487847328, "day": 2}, {"evaluation_result": 0.05298013612627983, "day": 3}]}