{"fl_performance": [{"evaluation_result": 0.07688996940851212, "day": 0}, {"evaluation_result": 0.05787771940231323, "day": 1}, {"evaluation_result": 0.05539705231785774, "day": 2}, {"evaluation_result": 0.05172007530927658, "day": 3}]}