{"fl_performance": [{"evaluation_result": 0.08924298733472824, "day": 0}, {"evaluation_result": 0.07363980263471603, "day": 1}, {"evaluation_result": 0.05679316446185112, "day": 2}, {"evaluation_result": 0.05069989338517189, "day": 3}]}