{"fl_performance": [{"evaluation_result": 0.0853591114282608, "day": 0}, {"evaluation_result": 0.06682606041431427, "day": 1}, {"evaluation_result": 0.053414084017276764, "day": 2}, {"evaluation_result": 0.0498523935675621, "day": 3}]}