{"fl_performance": [{"evaluation_result": 0.07969961315393448, "day": 0}, {"evaluation_result": 0.06114349141716957, "day": 1}, {"evaluation_result": 0.05369459465146065, "day": 2}, {"evaluation_result": 0.05216742306947708, "day": 3}]}