{"fl_performance": [{"evaluation_result": 0.06583627313375473, "day": 0}, {"evaluation_result": 0.056760240346193314, "day": 1}, {"evaluation_result": 0.05138799920678139, "day": 2}, {"evaluation_result": 0.05140114575624466, "day": 3}]}