{"fl_performance": [{"evaluation_result": 0.08999808132648468, "day": 0}, {"evaluation_result": 0.07022260129451752, "day": 1}, {"evaluation_result": 0.057086918503046036, "day": 2}, {"evaluation_result": 0.05137830972671509, "day": 3}]}