{"fl_performance": [{"evaluation_result": 0.06757895648479462, "day": 0}, {"evaluation_result": 0.06875868886709213, "day": 1}, {"evaluation_result": 0.051302969455718994, "day": 2}, {"evaluation_result": 0.049399323761463165, "day": 3}]}