{"fl_performance": [{"evaluation_result": 0.08293699473142624, "day": 0}, {"evaluation_result": 0.06279254704713821, "day": 1}, {"evaluation_result": 0.0576302707195282, "day": 2}, {"evaluation_result": 0.05142759904265404, "day": 3}]}