{"fl_performance": [{"evaluation_result": 0.06193922832608223, "day": 0}, {"evaluation_result": 0.05330835282802582, "day": 1}, {"evaluation_result": 0.05046848580241203, "day": 2}, {"evaluation_result": 0.047987665981054306, "day": 3}]}