{"fl_performance": [{"evaluation_result": 0.08093684166669846, "day": 0}, {"evaluation_result": 0.06174303963780403, "day": 1}, {"evaluation_result": 0.05822122469544411, "day": 2}, {"evaluation_result": 0.052568014711141586, "day": 3}]}