{"fl_performance": [{"evaluation_result": 0.08811637759208679, "day": 0}, {"evaluation_result": 0.06709431856870651, "day": 1}, {"evaluation_result": 0.0565812885761261, "day": 2}, {"evaluation_result": 0.054220009595155716, "day": 3}]}