{"fl_performance": [{"evaluation_result": 0.06167687848210335, "day": 0}, {"evaluation_result": 0.05275901034474373, "day": 1}, {"evaluation_result": 0.049760058522224426, "day": 2}, {"evaluation_result": 0.048520348966121674, "day": 3}]}