{"fl_performance": [{"evaluation_result": 0.07772532850503922, "day": 0}, {"evaluation_result": 0.06034490466117859, "day": 1}, {"evaluation_result": 0.05306452885270119, "day": 2}, {"evaluation_result": 0.05176825821399689, "day": 3}]}