{"fl_performance": [{"evaluation_result": 0.05796496570110321, "day": 0}, {"evaluation_result": 0.05092208832502365, "day": 1}, {"evaluation_result": 0.04887157678604126, "day": 2}, {"evaluation_result": 0.04735745117068291, "day": 3}]}