{"fl_performance": [{"evaluation_result": 0.062073010951280594, "day": 0}, {"evaluation_result": 0.054405078291893005, "day": 1}, {"evaluation_result": 0.05016091465950012, "day": 2}, {"evaluation_result": 0.048917729407548904, "day": 3}]}