{"fl_performance": [{"evaluation_result": 0.07551389187574387, "day": 0}, {"evaluation_result": 0.05989600718021393, "day": 1}, {"evaluation_result": 0.05198148265480995, "day": 2}, {"evaluation_result": 0.04932098835706711, "day": 3}]}