{"fl_performance": [{"evaluation_result": 0.07842490822076797, "day": 0}, {"evaluation_result": 0.05887985974550247, "day": 1}, {"evaluation_result": 0.05343729257583618, "day": 2}, {"evaluation_result": 0.05040540173649788, "day": 3}]}