{"fl_performance": [{"evaluation_result": 0.08345267176628113, "day": 0}, {"evaluation_result": 0.06277912855148315, "day": 1}, {"evaluation_result": 0.051276203244924545, "day": 2}, {"evaluation_result": 0.04839344695210457, "day": 3}]}