{"fl_performance": [{"evaluation_result": 0.06744135171175003, "day": 0}, {"evaluation_result": 0.05305583402514458, "day": 1}, {"evaluation_result": 0.057424239814281464, "day": 2}, {"evaluation_result": 0.04954608157277107, "day": 3}]}