{"fl_performance": [{"evaluation_result": 0.09839075058698654, "day": 0}, {"evaluation_result": 0.06862826645374298, "day": 1}, {"evaluation_result": 0.05848178267478943, "day": 2}, {"evaluation_result": 0.05220787227153778, "day": 3}]}