{"fl_performance": [{"evaluation_result": 0.0746399462223053, "day": 0}, {"evaluation_result": 0.056361060589551926, "day": 1}, {"evaluation_result": 0.05039304494857788, "day": 2}, {"evaluation_result": 0.049698907881975174, "day": 3}]}