{"fl_performance": [{"evaluation_result": 0.07523130625486374, "day": 0}, {"evaluation_result": 0.05630142241716385, "day": 1}, {"evaluation_result": 0.055569011718034744, "day": 2}, {"evaluation_result": 0.05531124025583267, "day": 3}]}