{"fl_performance": [{"evaluation_result": 0.0710541233420372, "day": 0}, {"evaluation_result": 0.057325102388858795, "day": 1}, {"evaluation_result": 0.05317739024758339, "day": 2}, {"evaluation_result": 0.0489702932536602, "day": 3}]}