{"fl_performance": [{"evaluation_result": 0.07288387417793274, "day": 0}, {"evaluation_result": 0.05412119999527931, "day": 1}, {"evaluation_result": 0.05097189173102379, "day": 2}, {"evaluation_result": 0.05354735627770424, "day": 3}]}