{"fl_performance": [{"evaluation_result": 0.061973877251148224, "day": 0}, {"evaluation_result": 0.06218891963362694, "day": 1}, {"evaluation_result": 0.0548248365521431, "day": 2}, {"evaluation_result": 0.04751395806670189, "day": 3}]}