{"fl_performance": [{"evaluation_result": 0.07840007543563843, "day": 0}, {"evaluation_result": 0.05817382410168648, "day": 1}, {"evaluation_result": 0.052514031529426575, "day": 2}, {"evaluation_result": 0.05089404433965683, "day": 3}]}