{"fl_performance": [{"evaluation_result": 0.07113911211490631, "day": 0}, {"evaluation_result": 0.05674896761775017, "day": 1}, {"evaluation_result": 0.04918871447443962, "day": 2}, {"evaluation_result": 0.04888732358813286, "day": 3}]}