{"fl_performance": [{"evaluation_result": 0.08101561665534973, "day": 0}, {"evaluation_result": 0.06932016462087631, "day": 1}, {"evaluation_result": 0.052847720682621, "day": 2}, {"evaluation_result": 0.04948265850543976, "day": 3}]}