{"fl_performance": [{"evaluation_result": 0.06325380504131317, "day": 0}, {"evaluation_result": 0.051262062042951584, "day": 1}, {"evaluation_result": 0.051730379462242126, "day": 2}, {"evaluation_result": 0.0492854006588459, "day": 3}]}