{"fl_performance": [{"evaluation_result": 0.07394357025623322, "day": 0}, {"evaluation_result": 0.05871790274977684, "day": 1}, {"evaluation_result": 0.052482444792985916, "day": 2}, {"evaluation_result": 0.04923618212342262, "day": 3}]}