{"fl_performance": [{"evaluation_result": 0.07818692177534103, "day": 0}, {"evaluation_result": 0.05863936245441437, "day": 1}, {"evaluation_result": 0.05305005609989166, "day": 2}, {"evaluation_result": 0.04954850301146507, "day": 3}]}