{"fl_performance": [{"evaluation_result": 0.07392307370901108, "day": 0}, {"evaluation_result": 0.06124246120452881, "day": 1}, {"evaluation_result": 0.052296243607997894, "day": 2}, {"evaluation_result": 0.05033102631568909, "day": 3}]}