{"fl_performance": [{"evaluation_result": 0.07728496193885803, "day": 0}, {"evaluation_result": 0.056264013051986694, "day": 1}, {"evaluation_result": 0.05628344044089317, "day": 2}, {"evaluation_result": 0.0482524149119854, "day": 3}]}