{"fl_performance": [{"evaluation_result": 0.08856917917728424, "day": 0}, {"evaluation_result": 0.06325318664312363, "day": 1}, {"evaluation_result": 0.05683182179927826, "day": 2}, {"evaluation_result": 0.05167149379849434, "day": 3}]}