{"fl_performance": [{"evaluation_result": 0.09875567257404327, "day": 0}, {"evaluation_result": 0.06497828662395477, "day": 1}, {"evaluation_result": 0.0539129413664341, "day": 2}, {"evaluation_result": 0.05036292225122452, "day": 3}]}