{"fl_performance": [{"evaluation_result": 0.09077325463294983, "day": 0}, {"evaluation_result": 0.06464870274066925, "day": 1}, {"evaluation_result": 0.05966359004378319, "day": 2}, {"evaluation_result": 0.053804051131010056, "day": 3}]}