{"fl_performance": [{"evaluation_result": 0.08525191247463226, "day": 0}, {"evaluation_result": 0.06530158221721649, "day": 1}, {"evaluation_result": 0.05357896909117699, "day": 2}, {"evaluation_result": 0.04979584738612175, "day": 3}]}