{"fl_performance": [{"evaluation_result": 0.08505549281835556, "day": 0}, {"evaluation_result": 0.06279924511909485, "day": 1}, {"evaluation_result": 0.05752533674240112, "day": 2}, {"evaluation_result": 0.05307556316256523, "day": 3}]}