{"fl_performance": [{"evaluation_result": 0.08013773709535599, "day": 0}, {"evaluation_result": 0.05899766832590103, "day": 1}, {"evaluation_result": 0.05245375260710716, "day": 2}, {"evaluation_result": 0.05032756179571152, "day": 3}]}